keyword,intent
cara belajar seo,informational
apa itu backlink,informational
cara membuat sitemap,informational
cara optimasi website,informational
pengertian search intent,informational
cara riset keyword,informational
fungsi internal link,informational
cara memperbaiki website lambat,informational
kenapa halaman tidak terindex,informational
cara membaca google search console,informational
apa itu technical seo,informational
cara membuat meta description,informational
apa itu canonical,informational
cara cek broken link,informational
cara meningkatkan traffic organik,informational
cara menulis artikel seo,informational
apa itu schema markup,informational
cara membuat robots txt,informational
cara menggunakan google trends,informational
panduan audit seo,informational
jasa seo profesional,transactional
paket audit website,transactional
beli template wordpress,transactional
pesan landing page,transactional
sewa penulis artikel seo,transactional
daftar layanan seo,transactional
hubungi konsultan seo,transactional
pesan jasa backlink,transactional
beli hosting wordpress,transactional
daftar kursus seo,transactional
order website company profile,transactional
paket maintenance wordpress,transactional
booking konsultasi seo,transactional
beli plugin wordpress,transactional
pesan artikel seo,transactional
jasa optimasi kecepatan website,transactional
sewa developer wordpress,transactional
beli domain murah,transactional
pesan audit technical seo,transactional
daftar paket digital marketing,transactional
google search console login,navigational
wordpress admin login,navigational
website resmi python,navigational
semrush login,navigational
ahrefs login,navigational
google analytics dashboard,navigational
youtube studio login,navigational
cloudflare dashboard,navigational
python documentation,navigational
wordpress official site,navigational
google trends indonesia,navigational
search console dashboard,navigational
semrush dashboard,navigational
ahrefs dashboard,navigational
google tag manager login,navigational
canva login,navigational
github login,navigational
linkedin login,navigational
google ads login,navigational
bing webmaster tools login,navigational
tools seo terbaik,commercial
semrush vs ahrefs,commercial
hosting wordpress terbaik,commercial
review jasa seo,commercial
harga jasa seo,commercial
rekomendasi keyword tool,commercial
plugin cache terbaik,commercial
software audit website terbaik,commercial
alternatif google analytics,commercial
surfer seo review,commercial
rank math vs yoast,commercial
hosting murah terbaik,commercial
tema wordpress terbaik,commercial
plugin seo terbaik,commercial
jasa seo terbaik,commercial
kursus seo terbaik,commercial
laptop untuk coding terbaik,commercial
review semrush,commercial
review ahrefs,commercial
perbandingan hosting indonesia,commercial
cara belajar python,informational
apa itu python,informational
python tutorial pemula,informational
cara install python,informational
cara pakai pip,informational
fungsi virtual environment python,informational
apa itu pandas,informational
apa itu numpy,informational
cara membuat program python,informational
belajar machine learning dengan python,informational
download python,transactional
install python windows,transactional
beli kursus python,transactional
daftar bootcamp python,transactional
pesan jasa python developer,transactional
python org,navigational
python documentation,navigational
pypi login,navigational
jupyter notebook login,navigational
github python,navigational
kursus python terbaik,commercial
python vs javascript,commercial
framework python terbaik,commercial
ide python terbaik,commercial
review kursus python,commercial
laptop terbaik untuk python,commercial